{
  "run_id": "20260220T150349Z",
  "name": "dmitrii",
  "figi": "BBG004730N88",
  "days_back": 1095,
  "timeframe_min": 60,
  "ema_fast": 30,
  "ema_slow": 40,
  "bb_window": 20,
  "bb_dev": 1.0,
  "annual_return_pct": 15.841701699545752,
  "total_return_pct": 55.40452004812679,
  "max_drawdown_pct": -24.956488684872735,
  "trades": 92,
  "win_rate_pct": 33.69565217391305,
  "strategy_params": {
    "ema_fast": 30,
    "ema_slow": 40,
    "bb_window": 20,
    "bb_dev": 1.0,
    "timeframe_min": 60,
    "backcandles": 15
  },
  "trial_dir": "reports\\dmitrii\\trial_20260220T150349Z",
  "plot_png": "reports\\dmitrii\\trial_20260220T150349Z\\backtest.png",
  "trades_csv": "reports\\dmitrii\\trial_20260220T150349Z\\trades.csv"
}
